<?xml version="1.0" encoding="UTF-8"?>
<uptime xmlns:xsi="http://www.w3.org/2001/XMLSchema-instance"
	xsi:schemaLocation="http://www.uptimesoftware.com/erdc/erdc erdc"
	xmlns="http://www.uptimesoftware.com/erdc/erdc"
	xmlns:upt="http://www.uptimesoftware.com/erdc/erdc" version="5.0" target_grouping="other">
	<class>Status General</class>
	<exec>com.uptimesoftware.uptime.erdc.MonitorCustomScriptRunner</exec>
	<elements>
		<element name="process" parameter_type="input" data_type="string" gui_basic="1" range_type="0">
			<control_options> size:40 </control_options>
			<default_value>scripts/Status General/status_general.bat</default_value>
			<short_description>Script Name</short_description>
			<long_description>Name of the script/binary/process to be executed by up.time </long_description>
			<validation_rule>
				<alphanumeric/>
			</validation_rule>
			<error_message>
				<alphanumeric>required field</alphanumeric>
			</error_message>
			<gui_type>
				<string/>
			</gui_type>
		</element>
		<group name="g_output_monqueue" switch="0">
			<short_description>Monitors in queue</short_description>
			<long_description>Array</long_description>
			<element name='monqueue' parameter_type='output' data_type='integer'
			gui_basic='1' range_type='0' units=''>
				<control_options>size:8</control_options>
				<default_value></default_value>
				<short_description>Monitors in queue</short_description>
				<long_description>Array</long_description>
				<validation_rule/>
				<error_message/>
				<gui_type>
					<integer/>
				</gui_type>
			</element>
		</group>
		<group name="g_output_activethreads" switch="0">
			<short_description>Active threads</short_description>
			<long_description>Array</long_description>
			<element name='activethreads' parameter_type='output' data_type='integer'
			gui_basic='1' range_type='0' units=''>
				<control_options>size:8</control_options>
				<default_value></default_value>
				<short_description>Active threads</short_description>
				<long_description>Array</long_description>
				<validation_rule/>
				<error_message/>
				<gui_type>
					<integer/>
				</gui_type>
			</element>
		</group>
		<group name="g_output_poolsize" switch="0">
			<short_description>Max threads</short_description>
			<long_description>Array</long_description>
			<element name='poolsize' parameter_type='output' data_type='integer'
			gui_basic='1' range_type='0' units=''>
				<control_options>size:8</control_options>
				<default_value></default_value>
				<short_description>Max threads</short_description>
				<long_description>Array</long_description>
				<validation_rule/>
				<error_message/>
				<gui_type>
					<integer/>
				</gui_type>
			</element>
		</group>
		<group name="g_output_idlethreads" switch="0">
			<short_description>Idle threads</short_description>
			<long_description>Array</long_description>
			<element name='idlethreads' parameter_type='output' data_type='integer'
			gui_basic='1' range_type='0' units=''>
				<control_options>size:8</control_options>
				<default_value></default_value>
				<short_description>Idle threads</short_description>
				<long_description>Array</long_description>
				<validation_rule/>
				<error_message/>
				<gui_type>
					<integer/>
				</gui_type>
			</element>
		</group>
		<group name="g_output_heaptotal" switch="0">
			<short_description>Java heap total</short_description>
			<long_description>Array</long_description>
			<element name='heaptotal' parameter_type='output' data_type='integer'
			gui_basic='1' range_type='0' units=''>
				<control_options>size:8</control_options>
				<default_value></default_value>
				<short_description>Java heap total</short_description>
				<long_description>Array</long_description>
				<validation_rule/>
				<error_message/>
				<gui_type>
					<integer/>
				</gui_type>
			</element>
		</group>
		<group name="g_output_heapfree" switch="0">
			<short_description>Java heap free</short_description>
			<long_description>Array</long_description>
			<element name='heapfree' parameter_type='output' data_type='integer'
			gui_basic='1' range_type='0' units=''>
				<control_options>size:8</control_options>
				<default_value></default_value>
				<short_description>Java heap free</short_description>
				<long_description>Array</long_description>
				<validation_rule/>
				<error_message/>
				<gui_type>
					<integer/>
				</gui_type>
			</element>
		</group>
		<group name="g_output_heapmax" switch="0">
			<short_description>Java heap max</short_description>
			<long_description>Array</long_description>
			<element name='heapmax' parameter_type='output' data_type='integer'
			gui_basic='1' range_type='0' units=''>
				<control_options>size:8</control_options>
				<default_value></default_value>
				<short_description>Java heap max</short_description>
				<long_description>Array</long_description>
				<validation_rule/>
				<error_message/>
				<gui_type>
					<integer/>
				</gui_type>
			</element>
		</group>
		<group name="g_output_connbusy" switch="0">
			<short_description>Connections busy</short_description>
			<long_description>Array</long_description>
			<element name='connbusy' parameter_type='output' data_type='integer'
			gui_basic='1' range_type='0' units=''>
				<control_options>size:8</control_options>
				<default_value></default_value>
				<short_description>Connections busy</short_description>
				<long_description>Array</long_description>
				<validation_rule/>
				<error_message/>
				<gui_type>
					<integer/>
				</gui_type>
			</element>
		</group>
		<group name="g_output_connidle" switch="0">
			<short_description>Connections idle</short_description>
			<long_description>Array</long_description>
			<element name='connidle' parameter_type='output' data_type='integer'
			gui_basic='1' range_type='0' units=''>
				<control_options>size:8</control_options>
				<default_value></default_value>
				<short_description>Connections idle</short_description>
				<long_description>Array</long_description>
				<validation_rule/>
				<error_message/>
				<gui_type>
					<integer/>
				</gui_type>
			</element>
		</group>
		<group name="g_output_conntotal" switch="0">
			<short_description>Connections max</short_description>
			<long_description>Array</long_description>
			<element name='conntotal' parameter_type='output' data_type='integer'
			gui_basic='1' range_type='0' units=''>
				<control_options>size:8</control_options>
				<default_value></default_value>
				<short_description>Connections max</short_description>
				<long_description>Array</long_description>
				<validation_rule/>
				<error_message/>
				<gui_type>
					<integer/>
				</gui_type>
			</element>
		</group>
		<group name="timerresult" switch="0">
			<short_description/>
			<long_description/>
			<element name="timer" parameter_type="output" data_type="integer" gui_basic="0"
				range_type="0" units="ms">
				<control_options>size:8</control_options>
				<default_value/>
				<short_description>Response time</short_description>
				<long_description>Response time in ms</long_description>
				<validation_rule/>
				<error_message/>
				<gui_type>
					<integer/>
				</gui_type>
			</element>
		</group>	
	</elements>
	<help>When running a custom script check, note that the second parameter is always the name of the assigned host.
	The script that's executed should output each variable on it's own line, otherwise up.time won't be able to capture the appropriate information.</help>
</uptime>
